-- Ny type
INSERT INTO type (type_id, navn, beskrivelse) VALUES (4, 'skadetKroppsdel', 'Hvor på kroppen skjedde skaden');

-- Kategori Arbeidstaker / Type 'Hvor på kroppen skjedde skaden'
INSERT INTO kategori_type (kategori_id, type_id) VALUES (0, 4);
-- Kategori Lærling / Type 'Hvor på kroppen skjedde skaden'
INSERT INTO kategori_type (kategori_id, type_id) VALUES (3, 4);
-- Kategori Elev/Student / Type 'Hvor på kroppen skjedde skaden'
INSERT INTO kategori_type (kategori_id, type_id) VALUES (2, 4);


-- Kategori Arbeidstaker / Type 'Hvor på kroppen skjedde skaden'
INSERT INTO kode (kode, kategori_id, type_id, gyldig_fra, gyldig_til, sortering) VALUES ('hode',                         0, 4, '2022-03-15', null, 100);
INSERT INTO kode (kode, kategori_id, type_id, gyldig_fra, gyldig_til, sortering) VALUES ('ansikt',                       0, 4, '2022-03-15', null, 200);
INSERT INTO kode (kode, kategori_id, type_id, gyldig_fra, gyldig_til, sortering) VALUES ('venstreOeye',                  0, 4, '2022-03-15', null, 300);
INSERT INTO kode (kode, kategori_id, type_id, gyldig_fra, gyldig_til, sortering) VALUES ('hoeyreOeye',                   0, 4, '2022-03-15', null, 400);
INSERT INTO kode (kode, kategori_id, type_id, gyldig_fra, gyldig_til, sortering) VALUES ('venstreOere',                  0, 4, '2022-03-15', null, 500);
INSERT INTO kode (kode, kategori_id, type_id, gyldig_fra, gyldig_til, sortering) VALUES ('hoeyreOere',                   0, 4, '2022-03-15', null, 600);
INSERT INTO kode (kode, kategori_id, type_id, gyldig_fra, gyldig_til, sortering) VALUES ('tenner',                       0, 4, '2022-03-15', null, 700);
INSERT INTO kode (kode, kategori_id, type_id, gyldig_fra, gyldig_til, sortering) VALUES ('kjeve',                        0, 4, '2022-03-15', null, 800);
INSERT INTO kode (kode, kategori_id, type_id, gyldig_fra, gyldig_til, sortering) VALUES ('halsOgNakke',                  0, 4, '2022-03-15', null, 900);
INSERT INTO kode (kode, kategori_id, type_id, gyldig_fra, gyldig_til, sortering) VALUES ('rygg',                         0, 4, '2022-03-15', null, 1000);
INSERT INTO kode (kode, kategori_id, type_id, gyldig_fra, gyldig_til, sortering) VALUES ('seteEllerBekkenEllerHalebein', 0, 4, '2022-03-15', null, 1100);
INSERT INTO kode (kode, kategori_id, type_id, gyldig_fra, gyldig_til, sortering) VALUES ('ribbenOgSkulderblad',          0, 4, '2022-03-15', null, 1200);
INSERT INTO kode (kode, kategori_id, type_id, gyldig_fra, gyldig_til, sortering) VALUES ('brystkasseOgLunger',           0, 4, '2022-03-15', null, 3300);
INSERT INTO kode (kode, kategori_id, type_id, gyldig_fra, gyldig_til, sortering) VALUES ('hjerte',                       0, 4, '2022-03-15', null, 3400);
INSERT INTO kode (kode, kategori_id, type_id, gyldig_fra, gyldig_til, sortering) VALUES ('spiseroer',                    0, 4, '2022-03-15', null, 3500);
INSERT INTO kode (kode, kategori_id, type_id, gyldig_fra, gyldig_til, sortering) VALUES ('mage',                         0, 4, '2022-03-15', null, 3600);
INSERT INTO kode (kode, kategori_id, type_id, gyldig_fra, gyldig_til, sortering) VALUES ('fordoeyelsesorgan',            0, 4, '2022-03-15', null, 3700);
INSERT INTO kode (kode, kategori_id, type_id, gyldig_fra, gyldig_til, sortering) VALUES ('nyrerOgUrinveier',             0, 4, '2022-03-15', null, 3800);
INSERT INTO kode (kode, kategori_id, type_id, gyldig_fra, gyldig_til, sortering) VALUES ('venstreSkulder',               0, 4, '2022-03-15', null, 1300);
INSERT INTO kode (kode, kategori_id, type_id, gyldig_fra, gyldig_til, sortering) VALUES ('HoeyreSkulder',                0, 4, '2022-03-15', null, 1400);
INSERT INTO kode (kode, kategori_id, type_id, gyldig_fra, gyldig_til, sortering) VALUES ('venstreArmOgAlbue',            0, 4, '2022-03-15', null, 1500);
INSERT INTO kode (kode, kategori_id, type_id, gyldig_fra, gyldig_til, sortering) VALUES ('hoeyreArmOgAlbue',             0, 4, '2022-03-15', null, 1600);
INSERT INTO kode (kode, kategori_id, type_id, gyldig_fra, gyldig_til, sortering) VALUES ('venstreHaandledd',             0, 4, '2022-03-15', null, 1700);
INSERT INTO kode (kode, kategori_id, type_id, gyldig_fra, gyldig_til, sortering) VALUES ('hoeyreHaandledd',              0, 4, '2022-03-15', null, 1800);
INSERT INTO kode (kode, kategori_id, type_id, gyldig_fra, gyldig_til, sortering) VALUES ('venstreHaand',                 0, 4, '2022-03-15', null, 1900);
INSERT INTO kode (kode, kategori_id, type_id, gyldig_fra, gyldig_til, sortering) VALUES ('hoeyreHaand',                  0, 4, '2022-03-15', null, 2000);
INSERT INTO kode (kode, kategori_id, type_id, gyldig_fra, gyldig_til, sortering) VALUES ('venstreFingre',                0, 4, '2022-03-15', null, 2100);
INSERT INTO kode (kode, kategori_id, type_id, gyldig_fra, gyldig_til, sortering) VALUES ('hoeyreFingre',                 0, 4, '2022-03-15', null, 2200);
INSERT INTO kode (kode, kategori_id, type_id, gyldig_fra, gyldig_til, sortering) VALUES ('venstreHofte',                 0, 4, '2022-03-15', null, 2300);
INSERT INTO kode (kode, kategori_id, type_id, gyldig_fra, gyldig_til, sortering) VALUES ('hoeyreHofte',                  0, 4, '2022-03-15', null, 2400);
INSERT INTO kode (kode, kategori_id, type_id, gyldig_fra, gyldig_til, sortering) VALUES ('kjoennsorgan',                 0, 4, '2022-03-15', null, 3900);
INSERT INTO kode (kode, kategori_id, type_id, gyldig_fra, gyldig_til, sortering) VALUES ('venstreBenOgKne',              0, 4, '2022-03-15', null, 2500);
INSERT INTO kode (kode, kategori_id, type_id, gyldig_fra, gyldig_til, sortering) VALUES ('hoeyreBenOgKne',               0, 4, '2022-03-15', null, 2600);
INSERT INTO kode (kode, kategori_id, type_id, gyldig_fra, gyldig_til, sortering) VALUES ('venstreAnkel',                 0, 4, '2022-03-15', null, 2700);
INSERT INTO kode (kode, kategori_id, type_id, gyldig_fra, gyldig_til, sortering) VALUES ('hoeyreAnkel',                  0, 4, '2022-03-15', null, 2800);
INSERT INTO kode (kode, kategori_id, type_id, gyldig_fra, gyldig_til, sortering) VALUES ('venstreFot',                   0, 4, '2022-03-15', null, 2900);
INSERT INTO kode (kode, kategori_id, type_id, gyldig_fra, gyldig_til, sortering) VALUES ('hoeyreFot',                    0, 4, '2022-03-15', null, 3000);
INSERT INTO kode (kode, kategori_id, type_id, gyldig_fra, gyldig_til, sortering) VALUES ('venstreTaer',                  0, 4, '2022-03-15', null, 3100);
INSERT INTO kode (kode, kategori_id, type_id, gyldig_fra, gyldig_til, sortering) VALUES ('hoeyreTaer',                   0, 4, '2022-03-15', null, 3200);
INSERT INTO kode (kode, kategori_id, type_id, gyldig_fra, gyldig_til, sortering) VALUES ('heleKroppen',                  0, 4, '2022-03-15', null, 4000);

-- Kategori Lærling / Type 'Hvor på kroppen skjedde skaden'
INSERT INTO kode (kode, kategori_id, type_id, gyldig_fra, gyldig_til, sortering) VALUES ('hode',                         3, 4, '2022-03-29', null, 100);
INSERT INTO kode (kode, kategori_id, type_id, gyldig_fra, gyldig_til, sortering) VALUES ('ansikt',                       3, 4, '2022-03-29', null, 200);
INSERT INTO kode (kode, kategori_id, type_id, gyldig_fra, gyldig_til, sortering) VALUES ('venstreOeye',                  3, 4, '2022-03-29', null, 300);
INSERT INTO kode (kode, kategori_id, type_id, gyldig_fra, gyldig_til, sortering) VALUES ('hoeyreOeye',                   3, 4, '2022-03-29', null, 400);
INSERT INTO kode (kode, kategori_id, type_id, gyldig_fra, gyldig_til, sortering) VALUES ('venstreOere',                  3, 4, '2022-03-29', null, 500);
INSERT INTO kode (kode, kategori_id, type_id, gyldig_fra, gyldig_til, sortering) VALUES ('hoeyreOere',                   3, 4, '2022-03-29', null, 600);
INSERT INTO kode (kode, kategori_id, type_id, gyldig_fra, gyldig_til, sortering) VALUES ('tenner',                       3, 4, '2022-03-29', null, 700);
INSERT INTO kode (kode, kategori_id, type_id, gyldig_fra, gyldig_til, sortering) VALUES ('kjeve',                        3, 4, '2022-03-29', null, 800);
INSERT INTO kode (kode, kategori_id, type_id, gyldig_fra, gyldig_til, sortering) VALUES ('halsOgNakke',                  3, 4, '2022-03-29', null, 900);
INSERT INTO kode (kode, kategori_id, type_id, gyldig_fra, gyldig_til, sortering) VALUES ('rygg',                         3, 4, '2022-03-29', null, 1000);
INSERT INTO kode (kode, kategori_id, type_id, gyldig_fra, gyldig_til, sortering) VALUES ('seteEllerBekkenEllerHalebein', 3, 4, '2022-03-29', null, 1100);
INSERT INTO kode (kode, kategori_id, type_id, gyldig_fra, gyldig_til, sortering) VALUES ('ribbenOgSkulderblad',          3, 4, '2022-03-29', null, 1200);
INSERT INTO kode (kode, kategori_id, type_id, gyldig_fra, gyldig_til, sortering) VALUES ('brystkasseOgLunger',           3, 4, '2022-03-29', null, 3300);
INSERT INTO kode (kode, kategori_id, type_id, gyldig_fra, gyldig_til, sortering) VALUES ('hjerte',                       3, 4, '2022-03-29', null, 3400);
INSERT INTO kode (kode, kategori_id, type_id, gyldig_fra, gyldig_til, sortering) VALUES ('spiseroer',                    3, 4, '2022-03-29', null, 3500);
INSERT INTO kode (kode, kategori_id, type_id, gyldig_fra, gyldig_til, sortering) VALUES ('mage',                         3, 4, '2022-03-29', null, 3600);
INSERT INTO kode (kode, kategori_id, type_id, gyldig_fra, gyldig_til, sortering) VALUES ('fordoeyelsesorgan',            3, 4, '2022-03-29', null, 3700);
INSERT INTO kode (kode, kategori_id, type_id, gyldig_fra, gyldig_til, sortering) VALUES ('nyrerOgUrinveier',             3, 4, '2022-03-29', null, 3800);
INSERT INTO kode (kode, kategori_id, type_id, gyldig_fra, gyldig_til, sortering) VALUES ('venstreSkulder',               3, 4, '2022-03-29', null, 1300);
INSERT INTO kode (kode, kategori_id, type_id, gyldig_fra, gyldig_til, sortering) VALUES ('HoeyreSkulder',                3, 4, '2022-03-29', null, 1400);
INSERT INTO kode (kode, kategori_id, type_id, gyldig_fra, gyldig_til, sortering) VALUES ('venstreArmOgAlbue',            3, 4, '2022-03-29', null, 1500);
INSERT INTO kode (kode, kategori_id, type_id, gyldig_fra, gyldig_til, sortering) VALUES ('hoeyreArmOgAlbue',             3, 4, '2022-03-29', null, 1600);
INSERT INTO kode (kode, kategori_id, type_id, gyldig_fra, gyldig_til, sortering) VALUES ('venstreHaandledd',             3, 4, '2022-03-29', null, 1700);
INSERT INTO kode (kode, kategori_id, type_id, gyldig_fra, gyldig_til, sortering) VALUES ('hoeyreHaandledd',              3, 4, '2022-03-29', null, 1800);
INSERT INTO kode (kode, kategori_id, type_id, gyldig_fra, gyldig_til, sortering) VALUES ('venstreHaand',                 3, 4, '2022-03-29', null, 1900);
INSERT INTO kode (kode, kategori_id, type_id, gyldig_fra, gyldig_til, sortering) VALUES ('hoeyreHaand',                  3, 4, '2022-03-29', null, 2000);
INSERT INTO kode (kode, kategori_id, type_id, gyldig_fra, gyldig_til, sortering) VALUES ('venstreFingre',                3, 4, '2022-03-29', null, 2100);
INSERT INTO kode (kode, kategori_id, type_id, gyldig_fra, gyldig_til, sortering) VALUES ('hoeyreFingre',                 3, 4, '2022-03-29', null, 2200);
INSERT INTO kode (kode, kategori_id, type_id, gyldig_fra, gyldig_til, sortering) VALUES ('venstreHofte',                 3, 4, '2022-03-29', null, 2300);
INSERT INTO kode (kode, kategori_id, type_id, gyldig_fra, gyldig_til, sortering) VALUES ('hoeyreHofte',                  3, 4, '2022-03-29', null, 2400);
INSERT INTO kode (kode, kategori_id, type_id, gyldig_fra, gyldig_til, sortering) VALUES ('kjoennsorgan',                 3, 4, '2022-03-29', null, 3900);
INSERT INTO kode (kode, kategori_id, type_id, gyldig_fra, gyldig_til, sortering) VALUES ('venstreBenOgKne',              3, 4, '2022-03-29', null, 2500);
INSERT INTO kode (kode, kategori_id, type_id, gyldig_fra, gyldig_til, sortering) VALUES ('hoeyreBenOgKne',               3, 4, '2022-03-29', null, 2600);
INSERT INTO kode (kode, kategori_id, type_id, gyldig_fra, gyldig_til, sortering) VALUES ('venstreAnkel',                 3, 4, '2022-03-29', null, 2700);
INSERT INTO kode (kode, kategori_id, type_id, gyldig_fra, gyldig_til, sortering) VALUES ('hoeyreAnkel',                  3, 4, '2022-03-29', null, 2800);
INSERT INTO kode (kode, kategori_id, type_id, gyldig_fra, gyldig_til, sortering) VALUES ('venstreFot',                   3, 4, '2022-03-29', null, 2900);
INSERT INTO kode (kode, kategori_id, type_id, gyldig_fra, gyldig_til, sortering) VALUES ('hoeyreFot',                    3, 4, '2022-03-29', null, 3000);
INSERT INTO kode (kode, kategori_id, type_id, gyldig_fra, gyldig_til, sortering) VALUES ('venstreTaer',                  3, 4, '2022-03-29', null, 3100);
INSERT INTO kode (kode, kategori_id, type_id, gyldig_fra, gyldig_til, sortering) VALUES ('hoeyreTaer',                   3, 4, '2022-03-29', null, 3200);
INSERT INTO kode (kode, kategori_id, type_id, gyldig_fra, gyldig_til, sortering) VALUES ('heleKroppen',                  3, 4, '2022-03-29', null, 4000);

-- Kategori Elev/Student / Type 'Hvor på kroppen skjedde skaden'
INSERT INTO kode (kode, kategori_id, type_id, gyldig_fra, gyldig_til, sortering) VALUES ('hode',                         2, 4, '2022-04-01', null, 100);
INSERT INTO kode (kode, kategori_id, type_id, gyldig_fra, gyldig_til, sortering) VALUES ('ansikt',                       2, 4, '2022-04-01', null, 200);
INSERT INTO kode (kode, kategori_id, type_id, gyldig_fra, gyldig_til, sortering) VALUES ('venstreOeye',                  2, 4, '2022-04-01', null, 300);
INSERT INTO kode (kode, kategori_id, type_id, gyldig_fra, gyldig_til, sortering) VALUES ('hoeyreOeye',                   2, 4, '2022-04-01', null, 400);
INSERT INTO kode (kode, kategori_id, type_id, gyldig_fra, gyldig_til, sortering) VALUES ('venstreOere',                  2, 4, '2022-04-01', null, 500);
INSERT INTO kode (kode, kategori_id, type_id, gyldig_fra, gyldig_til, sortering) VALUES ('hoeyreOere',                   2, 4, '2022-04-01', null, 600);
INSERT INTO kode (kode, kategori_id, type_id, gyldig_fra, gyldig_til, sortering) VALUES ('tenner',                       2, 4, '2022-04-01', null, 700);
INSERT INTO kode (kode, kategori_id, type_id, gyldig_fra, gyldig_til, sortering) VALUES ('kjeve',                        2, 4, '2022-04-01', null, 800);
INSERT INTO kode (kode, kategori_id, type_id, gyldig_fra, gyldig_til, sortering) VALUES ('halsOgNakke',                  2, 4, '2022-04-01', null, 900);
INSERT INTO kode (kode, kategori_id, type_id, gyldig_fra, gyldig_til, sortering) VALUES ('rygg',                         2, 4, '2022-04-01', null, 1000);
INSERT INTO kode (kode, kategori_id, type_id, gyldig_fra, gyldig_til, sortering) VALUES ('seteEllerBekkenEllerHalebein', 2, 4, '2022-04-01', null, 1100);
INSERT INTO kode (kode, kategori_id, type_id, gyldig_fra, gyldig_til, sortering) VALUES ('ribbenOgSkulderblad',          2, 4, '2022-04-01', null, 1200);
INSERT INTO kode (kode, kategori_id, type_id, gyldig_fra, gyldig_til, sortering) VALUES ('brystkasseOgLunger',           2, 4, '2022-04-01', null, 3300);
INSERT INTO kode (kode, kategori_id, type_id, gyldig_fra, gyldig_til, sortering) VALUES ('hjerte',                       2, 4, '2022-04-01', null, 3400);
INSERT INTO kode (kode, kategori_id, type_id, gyldig_fra, gyldig_til, sortering) VALUES ('spiseroer',                    2, 4, '2022-04-01', null, 3500);
INSERT INTO kode (kode, kategori_id, type_id, gyldig_fra, gyldig_til, sortering) VALUES ('mage',                         2, 4, '2022-04-01', null, 3600);
INSERT INTO kode (kode, kategori_id, type_id, gyldig_fra, gyldig_til, sortering) VALUES ('fordoeyelsesorgan',            2, 4, '2022-04-01', null, 3700);
INSERT INTO kode (kode, kategori_id, type_id, gyldig_fra, gyldig_til, sortering) VALUES ('nyrerOgUrinveier',             2, 4, '2022-04-01', null, 3800);
INSERT INTO kode (kode, kategori_id, type_id, gyldig_fra, gyldig_til, sortering) VALUES ('venstreSkulder',               2, 4, '2022-04-01', null, 1300);
INSERT INTO kode (kode, kategori_id, type_id, gyldig_fra, gyldig_til, sortering) VALUES ('HoeyreSkulder',                2, 4, '2022-04-01', null, 1400);
INSERT INTO kode (kode, kategori_id, type_id, gyldig_fra, gyldig_til, sortering) VALUES ('venstreArmOgAlbue',            2, 4, '2022-04-01', null, 1500);
INSERT INTO kode (kode, kategori_id, type_id, gyldig_fra, gyldig_til, sortering) VALUES ('hoeyreArmOgAlbue',             2, 4, '2022-04-01', null, 1600);
INSERT INTO kode (kode, kategori_id, type_id, gyldig_fra, gyldig_til, sortering) VALUES ('venstreHaandledd',             2, 4, '2022-04-01', null, 1700);
INSERT INTO kode (kode, kategori_id, type_id, gyldig_fra, gyldig_til, sortering) VALUES ('hoeyreHaandledd',              2, 4, '2022-04-01', null, 1800);
INSERT INTO kode (kode, kategori_id, type_id, gyldig_fra, gyldig_til, sortering) VALUES ('venstreHaand',                 2, 4, '2022-04-01', null, 1900);
INSERT INTO kode (kode, kategori_id, type_id, gyldig_fra, gyldig_til, sortering) VALUES ('hoeyreHaand',                  2, 4, '2022-04-01', null, 2000);
INSERT INTO kode (kode, kategori_id, type_id, gyldig_fra, gyldig_til, sortering) VALUES ('venstreFingre',                2, 4, '2022-04-01', null, 2100);
INSERT INTO kode (kode, kategori_id, type_id, gyldig_fra, gyldig_til, sortering) VALUES ('hoeyreFingre',                 2, 4, '2022-04-01', null, 2200);
INSERT INTO kode (kode, kategori_id, type_id, gyldig_fra, gyldig_til, sortering) VALUES ('venstreHofte',                 2, 4, '2022-04-01', null, 2300);
INSERT INTO kode (kode, kategori_id, type_id, gyldig_fra, gyldig_til, sortering) VALUES ('hoeyreHofte',                  2, 4, '2022-04-01', null, 2400);
INSERT INTO kode (kode, kategori_id, type_id, gyldig_fra, gyldig_til, sortering) VALUES ('kjoennsorgan',                 2, 4, '2022-04-01', null, 3900);
INSERT INTO kode (kode, kategori_id, type_id, gyldig_fra, gyldig_til, sortering) VALUES ('venstreBenOgKne',              2, 4, '2022-04-01', null, 2500);
INSERT INTO kode (kode, kategori_id, type_id, gyldig_fra, gyldig_til, sortering) VALUES ('hoeyreBenOgKne',               2, 4, '2022-04-01', null, 2600);
INSERT INTO kode (kode, kategori_id, type_id, gyldig_fra, gyldig_til, sortering) VALUES ('venstreAnkel',                 2, 4, '2022-04-01', null, 2700);
INSERT INTO kode (kode, kategori_id, type_id, gyldig_fra, gyldig_til, sortering) VALUES ('hoeyreAnkel',                  2, 4, '2022-04-01', null, 2800);
INSERT INTO kode (kode, kategori_id, type_id, gyldig_fra, gyldig_til, sortering) VALUES ('venstreFot',                   2, 4, '2022-04-01', null, 2900);
INSERT INTO kode (kode, kategori_id, type_id, gyldig_fra, gyldig_til, sortering) VALUES ('hoeyreFot',                    2, 4, '2022-04-01', null, 3000);
INSERT INTO kode (kode, kategori_id, type_id, gyldig_fra, gyldig_til, sortering) VALUES ('venstreTaer',                  2, 4, '2022-04-01', null, 3100);
INSERT INTO kode (kode, kategori_id, type_id, gyldig_fra, gyldig_til, sortering) VALUES ('hoeyreTaer',                   2, 4, '2022-04-01', null, 3200);
INSERT INTO kode (kode, kategori_id, type_id, gyldig_fra, gyldig_til, sortering) VALUES ('heleKroppen',                  2, 4, '2022-04-01', null, 4000);

-- Verdier for type 'Hvor på kroppen skjedde skaden'
INSERT INTO verdi (kode, spraak, verdi) VALUES ('hode',                         'nb', 'Hode');
INSERT INTO verdi (kode, spraak, verdi) VALUES ('ansikt',                       'nb', 'Ansikt');
INSERT INTO verdi (kode, spraak, verdi) VALUES ('venstreOeye',                  'nb', 'Øye, venstre');
INSERT INTO verdi (kode, spraak, verdi) VALUES ('hoeyreOeye',                   'nb', 'Øye, høyre');
INSERT INTO verdi (kode, spraak, verdi) VALUES ('venstreOere',                  'nb', 'Øre, venstre');
INSERT INTO verdi (kode, spraak, verdi) VALUES ('hoeyreOere',                   'nb', 'Øre, høyre');
INSERT INTO verdi (kode, spraak, verdi) VALUES ('tenner',                       'nb', 'Tenner');
INSERT INTO verdi (kode, spraak, verdi) VALUES ('kjeve',                        'nb', 'Kjeve');
INSERT INTO verdi (kode, spraak, verdi) VALUES ('halsOgNakke',                  'nb', 'Hals og nakke');
INSERT INTO verdi (kode, spraak, verdi) VALUES ('rygg',                         'nb', 'Rygg');
INSERT INTO verdi (kode, spraak, verdi) VALUES ('seteEllerBekkenEllerHalebein', 'nb', 'Sete, bekken eller halebein');
INSERT INTO verdi (kode, spraak, verdi) VALUES ('ribbenOgSkulderblad',          'nb', 'Ribben/skulderblad');
INSERT INTO verdi (kode, spraak, verdi) VALUES ('brystkasseOgLunger',           'nb', 'Brystkasse og lunger');
INSERT INTO verdi (kode, spraak, verdi) VALUES ('hjerte',                       'nb', 'Hjerte');
INSERT INTO verdi (kode, spraak, verdi) VALUES ('spiseroer',                    'nb', 'Spiserør');
INSERT INTO verdi (kode, spraak, verdi) VALUES ('mage',                         'nb', 'Mage');
INSERT INTO verdi (kode, spraak, verdi) VALUES ('fordoeyelsesorgan',            'nb', 'Fordøyelsesorgan');
INSERT INTO verdi (kode, spraak, verdi) VALUES ('nyrerOgUrinveier',             'nb', 'Nyrer/urinveier');
INSERT INTO verdi (kode, spraak, verdi) VALUES ('venstreSkulder',               'nb', 'Skulder, venstre');
INSERT INTO verdi (kode, spraak, verdi) VALUES ('HoeyreSkulder',                'nb', 'Skulder, høyre');
INSERT INTO verdi (kode, spraak, verdi) VALUES ('venstreArmOgAlbue',            'nb', 'Arm/albue, venstre');
INSERT INTO verdi (kode, spraak, verdi) VALUES ('hoeyreArmOgAlbue',             'nb', 'Arm/albue, høyre');
INSERT INTO verdi (kode, spraak, verdi) VALUES ('venstreHaandledd',             'nb', 'Håndledd, venstre');
INSERT INTO verdi (kode, spraak, verdi) VALUES ('hoeyreHaandledd',              'nb', 'Håndledd, høyre');
INSERT INTO verdi (kode, spraak, verdi) VALUES ('venstreHaand',                 'nb', 'Hånd, venstre');
INSERT INTO verdi (kode, spraak, verdi) VALUES ('hoeyreHaand',                  'nb', 'Hånd, høyre');
INSERT INTO verdi (kode, spraak, verdi) VALUES ('venstreFingre',                'nb', 'Fingre, venstre');
INSERT INTO verdi (kode, spraak, verdi) VALUES ('hoeyreFingre',                 'nb', 'Fingre, høyre');
INSERT INTO verdi (kode, spraak, verdi) VALUES ('venstreHofte',                 'nb', 'Hofte, venstre');
INSERT INTO verdi (kode, spraak, verdi) VALUES ('hoeyreHofte',                  'nb', 'Hofte høyre');
INSERT INTO verdi (kode, spraak, verdi) VALUES ('kjoennsorgan',                 'nb', 'Kjønnsorgan');
INSERT INTO verdi (kode, spraak, verdi) VALUES ('venstreBenOgKne',              'nb', 'Ben m/kne, venstre');
INSERT INTO verdi (kode, spraak, verdi) VALUES ('hoeyreBenOgKne',               'nb', 'Ben m/kne, høyre');
INSERT INTO verdi (kode, spraak, verdi) VALUES ('venstreAnkel',                 'nb', 'Ankel, venstre');
INSERT INTO verdi (kode, spraak, verdi) VALUES ('hoeyreAnkel',                  'nb', 'Ankel, høyre');
INSERT INTO verdi (kode, spraak, verdi) VALUES ('venstreFot',                   'nb', 'Fot, venstre');
INSERT INTO verdi (kode, spraak, verdi) VALUES ('hoeyreFot',                    'nb', 'Fot, høyre');
INSERT INTO verdi (kode, spraak, verdi) VALUES ('venstreTaer',                  'nb', 'Tær, venstre');
INSERT INTO verdi (kode, spraak, verdi) VALUES ('hoeyreTaer',                   'nb', 'Tær, høyre');
INSERT INTO verdi (kode, spraak, verdi) VALUES ('heleKroppen',                  'nb', 'Hele kroppen');
